"Category","Year","Unit","Fleet","Estimate_metric_tons","SD_log","SD_mt"
"Gadus morhua_Adu",1990,1,"All_areas",1204.76563617143,0.307484668641461,370.44696242879
"Gadus morhua_Adu",1991,1,"All_areas",716.84168617393,0.189756051770251,136.025048112694
"Gadus morhua_Adu",1992,1,"All_areas",1011.82770067723,0.213016381930243,215.535875935061
"Gadus morhua_Adu",1993,1,"All_areas",639.383756311618,0.271272278376213,173.447088331394
"Gadus morhua_Adu",1994,1,"All_areas",713.88029262132,0.323644446445368,231.043392133685
"Gadus morhua_Adu",1995,1,"All_areas",917.39664469695,0.224826940274025,206.255480644872
"Gadus morhua_Adu",1996,1,"All_areas",719.103605620049,0.27073136882532,194.683903476739
"Gadus morhua_Adu",1997,1,"All_areas",1308.82295221536,0.173773449283445,227.438678907805
"Gadus morhua_Adu",1998,1,"All_areas",1335.91780186811,0.160829623623226,214.855157266016
"Gadus morhua_Adu",1999,1,"All_areas",944.994100167162,0.188644386126738,178.267831919424
"Gadus morhua_Adu",2000,1,"All_areas",504.916148405694,0.223273304937386,112.734297170795
"Gadus morhua_Adu",2001,1,"All_areas",600.677705796548,0.174229946936577,104.656044806917
"Gadus morhua_Adu",2002,1,"All_areas",1055.8282538976,0.193228361941964,204.015963992678
"Gadus morhua_Adu",2003,1,"All_areas",1861.22061913972,0.16551612307761,308.062021072116
"Gadus morhua_Adu",2004,1,"All_areas",1357.95804056429,0.201892746493257,274.161878432126
"Gadus morhua_Adu",2005,1,"All_areas",1233.44871397925,0.141679864377901,174.754846513676
"Gadus morhua_Adu",2006,1,"All_areas",657.219232764951,0.194510140160133,127.835805081045
"Gadus morhua_Adu",2007,1,"All_areas",1534.10917668489,0.135684465497326,208.154783653032
"Gadus morhua_Adu",2008,1,"All_areas",1584.5907359607,0.158823069459356,251.669564522137
"Gadus morhua_Adu",2009,1,"All_areas",716.791002830708,0.179712811498347,128.816526375426
"Gadus morhua_Adu",2010,1,"All_areas",1401.79084820953,0.105777468114363,148.277886749488
"Gadus morhua_Adu",2011,1,"All_areas",2858.86974891834,0.0950319909229005,271.684084028962
"Gadus morhua_Adu",2012,1,"All_areas",1924.12383168548,0.142840781580369,274.843351975368
"Gadus morhua_Adu",2013,1,"All_areas",574.387929176018,0.194621052158695,111.787983123491
"Gadus morhua_Adu",2014,1,"All_areas",1472.84249064135,0.128149442750496,188.743944434941
"Gadus morhua_Adu",2015,1,"All_areas",674.339942809826,0.160110715617375,107.969050812661
"Gadus morhua_Juv",1990,1,"All_areas",0.998816546127582,1.0718538230196,1.07058533346208
"Gadus morhua_Juv",1991,1,"All_areas",1.6065256912578,0.497777915709737,0.799693010128454
"Gadus morhua_Juv",1992,1,"All_areas",11.7264318433847,0.404466960716504,4.74295424774306
"Gadus morhua_Juv",1993,1,"All_areas",0.408478715141556,0.496459170856632,0.20279300423176
"Gadus morhua_Juv",1994,1,"All_areas",8.27357845793783,0.34685508778268,2.86973278230492
"Gadus morhua_Juv",1995,1,"All_areas",9.5541364774981,0.309628522169123,2.95823315812984
"Gadus morhua_Juv",1996,1,"All_areas",1.70339727010985,0.502697049292463,0.856292781457057
"Gadus morhua_Juv",1997,1,"All_areas",3.95882571232809,0.391982760343343,1.55179143043657
"Gadus morhua_Juv",1998,1,"All_areas",3.07117837191879,0.557025318630632,1.71072411118957
"Gadus morhua_Juv",1999,1,"All_areas",1.96471878101691,0.457547323934574,0.898951820538284
"Gadus morhua_Juv",2000,1,"All_areas",6.71550569143545,0.321529034372506,2.15923006029031
"Gadus morhua_Juv",2001,1,"All_areas",8.88052613756552,0.323869852491937,2.87613469022413
"Gadus morhua_Juv",2002,1,"All_areas",0.652723432429263,0.887834526666507,0.579510399674972
"Gadus morhua_Juv",2003,1,"All_areas",0.373896541820689,1.38967011687831,0.519592850972354
"Gadus morhua_Juv",2004,1,"All_areas",8.05884355183534,0.397259349846172,3.20145094991412
"Gadus morhua_Juv",2005,1,"All_areas",9.3149993853579,0.494532885503244,4.60657352450199
"Gadus morhua_Juv",2006,1,"All_areas",11.7264657377121,0.40135085343372,4.70642703159201
"Gadus morhua_Juv",2007,1,"All_areas",14.8605184303791,0.401509749841016,5.96664303748933
"Gadus morhua_Juv",2008,1,"All_areas",2.11370277145857,0.82330204751469,1.74021581957932
"Gadus morhua_Juv",2009,1,"All_areas",5.73633275784289,0.614838011759647,3.52691542762386
"Gadus morhua_Juv",2010,1,"All_areas",149.307784690113,0.149435575271525,22.3118946976841
"Gadus morhua_Juv",2011,1,"All_areas",14.5035183031368,0.350277390796866,5.08025454859736
"Gadus morhua_Juv",2012,1,"All_areas",0.062237549367208,1.44826258326785,0.0901363140228128
"Gadus morhua_Juv",2013,1,"All_areas",4.32414526972961,0.434906668693033,1.88059961420284
"Gadus morhua_Juv",2014,1,"All_areas",41.5455585759599,0.204019712542364,8.47611291807928
"Gadus morhua_Juv",2015,1,"All_areas",0.870959661269495,0.806989898173787,0.702855648361346
"Lepidorhombus whiffiagonis_Adu",1990,1,"All_areas",965.952438898299,0.129141495286017,124.744542334502
"Lepidorhombus whiffiagonis_Adu",1991,1,"All_areas",593.403801901014,0.1111319441236,65.9461181555954
"Lepidorhombus whiffiagonis_Adu",1992,1,"All_areas",710.170198249924,0.168702013037377,119.807142043915
"Lepidorhombus whiffiagonis_Adu",1993,1,"All_areas",675.80925908228,0.142916278836743,96.5841445114558
"Lepidorhombus whiffiagonis_Adu",1994,1,"All_areas",690.25182181912,0.157310136286025,108.583608162043
"Lepidorhombus whiffiagonis_Adu",1995,1,"All_areas",769.568327244689,0.143485708867671,110.422056956812
"Lepidorhombus whiffiagonis_Adu",1996,1,"All_areas",602.65413234117,0.135967005857962,81.9410779423567
"Lepidorhombus whiffiagonis_Adu",1997,1,"All_areas",623.034759911647,0.0904266342840653,56.3389363807909
"Lepidorhombus whiffiagonis_Adu",1998,1,"All_areas",552.286425127453,0.0935153034639435,51.6472326448103
"Lepidorhombus whiffiagonis_Adu",1999,1,"All_areas",445.531843224972,0.0932213817117431,41.5330940220116
"Lepidorhombus whiffiagonis_Adu",2000,1,"All_areas",372.149721567275,0.100460484088748,37.3863411821411
"Lepidorhombus whiffiagonis_Adu",2001,1,"All_areas",588.676449372845,0.0856265339811833,50.4063239961463
"Lepidorhombus whiffiagonis_Adu",2002,1,"All_areas",725.880682689825,0.0894456865222046,64.926895996398
"Lepidorhombus whiffiagonis_Adu",2003,1,"All_areas",883.295950628009,0.0761877554999216,67.2963359205175
"Lepidorhombus whiffiagonis_Adu",2004,1,"All_areas",940.923937992134,0.0731509577258934,68.8294872113438
"Lepidorhombus whiffiagonis_Adu",2005,1,"All_areas",905.22746972411,0.0844469719322345,76.4437187280795
"Lepidorhombus whiffiagonis_Adu",2006,1,"All_areas",859.336461226254,0.0825710283864203,70.956295333399
"Lepidorhombus whiffiagonis_Adu",2007,1,"All_areas",911.681700559069,0.074395186069963,67.8247297496722
"Lepidorhombus whiffiagonis_Adu",2008,1,"All_areas",1184.84029627249,0.0712882068128323,84.4651400808509
"Lepidorhombus whiffiagonis_Adu",2009,1,"All_areas",1486.8760081802,0.0746404318204822,110.981067314085
"Lepidorhombus whiffiagonis_Adu",2010,1,"All_areas",1457.00571330038,0.0687629765624834,100.188049715078
"Lepidorhombus whiffiagonis_Adu",2011,1,"All_areas",1816.97260591268,0.0655510882424533,119.104531624303
"Lepidorhombus whiffiagonis_Adu",2012,1,"All_areas",1247.74852377379,0.0760361580283802,94.8740039333417
"Lepidorhombus whiffiagonis_Adu",2013,1,"All_areas",1340.79514996983,0.0756097354146919,101.377166534521
"Lepidorhombus whiffiagonis_Adu",2014,1,"All_areas",942.651495052624,0.0804664277911136,75.8517984588373
"Lepidorhombus whiffiagonis_Adu",2015,1,"All_areas",1486.20667153448,0.0750332470463669,111.514912347205
"Lepidorhombus whiffiagonis_Juv",1990,1,"All_areas",201.201413352425,0.192632077142403,38.757846178065
"Lepidorhombus whiffiagonis_Juv",1991,1,"All_areas",161.922233061707,0.177536707615199,28.7471401474765
"Lepidorhombus whiffiagonis_Juv",1992,1,"All_areas",271.411058026229,0.262165062141066,71.1544968932187
"Lepidorhombus whiffiagonis_Juv",1993,1,"All_areas",191.580783900009,0.19010074700342,36.4196501308925
"Lepidorhombus whiffiagonis_Juv",1994,1,"All_areas",150.291195122806,0.276561922770915,41.5648218987019
"Lepidorhombus whiffiagonis_Juv",1995,1,"All_areas",227.074306296409,0.19066577234499,43.2952979897077
"Lepidorhombus whiffiagonis_Juv",1996,1,"All_areas",85.5962412086077,0.203640792789688,17.4308864195382
"Lepidorhombus whiffiagonis_Juv",1997,1,"All_areas",130.57335182012,0.145340173763073,18.977553642363
"Lepidorhombus whiffiagonis_Juv",1998,1,"All_areas",88.7609963152088,0.163980689550554,14.5550893809621
"Lepidorhombus whiffiagonis_Juv",1999,1,"All_areas",127.656080452662,0.162101967640643,20.6933018226688
"Lepidorhombus whiffiagonis_Juv",2000,1,"All_areas",119.401490251318,0.155383607551931,18.5530343023265
"Lepidorhombus whiffiagonis_Juv",2001,1,"All_areas",226.213846607071,0.135702772517284,30.6978461663791
"Lepidorhombus whiffiagonis_Juv",2002,1,"All_areas",299.034102499904,0.132855682602192,39.7283798089585
"Lepidorhombus whiffiagonis_Juv",2003,1,"All_areas",194.685078998539,0.130999604265581,25.503668305222
"Lepidorhombus whiffiagonis_Juv",2004,1,"All_areas",266.24664601827,0.137070233124813,36.4944898384238
"Lepidorhombus whiffiagonis_Juv",2005,1,"All_areas",110.216775851004,0.177213696430066,19.5319222571604
"Lepidorhombus whiffiagonis_Juv",2006,1,"All_areas",173.284472239651,0.151228082238635,26.2054784185364
"Lepidorhombus whiffiagonis_Juv",2007,1,"All_areas",130.846922303277,0.159472318783822,20.8664621054302
"Lepidorhombus whiffiagonis_Juv",2008,1,"All_areas",82.4875510653015,0.173362575442465,14.3002542946225
"Lepidorhombus whiffiagonis_Juv",2009,1,"All_areas",116.371910119919,0.144595823508443,16.8268921770402
"Lepidorhombus whiffiagonis_Juv",2010,1,"All_areas",157.340170719674,0.134840997409311,21.2159055523921
"Lepidorhombus whiffiagonis_Juv",2011,1,"All_areas",201.340361694882,0.149350106836502,30.0702045296305
"Lepidorhombus whiffiagonis_Juv",2012,1,"All_areas",83.4605722419482,0.193992493109652,16.1907244855737
"Lepidorhombus whiffiagonis_Juv",2013,1,"All_areas",62.5999404425263,0.199766282719707,12.5053574006785
"Lepidorhombus whiffiagonis_Juv",2014,1,"All_areas",86.9377939187811,0.172426388729562,14.9903698495303
"Lepidorhombus whiffiagonis_Juv",2015,1,"All_areas",116.54293792801,0.148628017353743,17.3215458008204
"Lophius budegassa_Adu",1990,1,"All_areas",0.789869524997838,0.196269743943561,0.155027489420148
"Lophius budegassa_Adu",1991,1,"All_areas",0.220919156349196,0.29481185207235,0.0651295856415676
"Lophius budegassa_Adu",1992,1,"All_areas",0.448108364286383,0.583900204858008,0.261650565705406
"Lophius budegassa_Adu",1993,1,"All_areas",0.400580144778778,0.301581332114648,0.120807493681063
"Lophius budegassa_Adu",1994,1,"All_areas",0.636143758774235,0.345917781536397,0.220053437773408
"Lophius budegassa_Adu",1995,1,"All_areas",0.3261409392975,0.304792725289342,0.0994053857169107
"Lophius budegassa_Adu",1996,1,"All_areas",0.259357740973537,0.300101375622958,0.0778336148446211
"Lophius budegassa_Adu",1997,1,"All_areas",0.525564146761461,0.264760022977,0.139148375572452
"Lophius budegassa_Adu",1998,1,"All_areas",0.306851975640833,0.252473157094859,0.0774718870508359
"Lophius budegassa_Adu",1999,1,"All_areas",0.318621410981275,0.300405927203189,0.0957157603926182
"Lophius budegassa_Adu",2000,1,"All_areas",0.288960146937274,0.292446875618968,0.0845054921502036
"Lophius budegassa_Adu",2001,1,"All_areas",0.371245724629066,0.223778073591027,0.0830766530863972
"Lophius budegassa_Adu",2002,1,"All_areas",0.518798075405082,0.205235442996955,0.10647575283173
"Lophius budegassa_Adu",2003,1,"All_areas",0.470889248485053,0.212384744073031,0.10000969252624
"Lophius budegassa_Adu",2004,1,"All_areas",0.332270229669105,0.285430703756088,0.0948401254916495
"Lophius budegassa_Adu",2005,1,"All_areas",0.132048966446556,0.332098940368828,0.0438533218337001
"Lophius budegassa_Adu",2006,1,"All_areas",0.561808417706063,0.215084340544993,0.120836193034935
"Lophius budegassa_Adu",2007,1,"All_areas",0.534354399754445,0.189636626918381,0.101333165948429
"Lophius budegassa_Adu",2008,1,"All_areas",0.665986193689281,0.159538682545251,0.106250559934515
"Lophius budegassa_Adu",2009,1,"All_areas",0.657643953416082,0.172146642578577,0.113211198592681
"Lophius budegassa_Adu",2010,1,"All_areas",0.843457402878178,0.170009087644764,0.143395423530541
"Lophius budegassa_Adu",2011,1,"All_areas",0.927808937728959,0.194484834904118,0.180444768076782
"Lophius budegassa_Adu",2012,1,"All_areas",0.640212824803374,0.240548200867446,0.154002043178717
"Lophius budegassa_Adu",2013,1,"All_areas",2.89398055541565,0.194673623323457,0.563381680550394
"Lophius budegassa_Adu",2014,1,"All_areas",0.78128790879217,0.248992314563722,0.194534684750812
"Lophius budegassa_Adu",2015,1,"All_areas",2.04223476149522,0.184957901966555,0.377727456809323
"Lophius budegassa_Juv",1990,1,"All_areas",0.0172435468122094,0.395578723402174,0.0068211802348994
"Lophius budegassa_Juv",1991,1,"All_areas",0.00164822395929368,0.603292720573506,0.00099436151651672
"Lophius budegassa_Juv",1992,1,"All_areas",0.00446323447299082,0.814251617749319,0.0036341958900273
"Lophius budegassa_Juv",1993,1,"All_areas",0.0403808185383955,0.373318405332314,0.0150749027827673
"Lophius budegassa_Juv",1994,1,"All_areas",0.0460699426749579,0.501105131380693,0.0230858846768357
"Lophius budegassa_Juv",1995,1,"All_areas",0.0232889406214845,0.376020675685124,0.00875712318848132
"Lophius budegassa_Juv",1996,1,"All_areas",0.0145433192105476,0.431150323819023,0.006270356787031
"Lophius budegassa_Juv",1997,1,"All_areas",0.0356290459646403,0.321566872671782,0.0114571208871286
"Lophius budegassa_Juv",1998,1,"All_areas",0.0295497794419075,0.354061271523943,0.0104624324824538
"Lophius budegassa_Juv",1999,1,"All_areas",0.017115850021112,0.444640756364486,0.00761040449920834
"Lophius budegassa_Juv",2000,1,"All_areas",0.0201237953778216,0.357978790454091,0.00720389192869821
"Lophius budegassa_Juv",2001,1,"All_areas",0.122296541986955,0.228559487414508,0.0279520349491053
"Lophius budegassa_Juv",2002,1,"All_areas",0.197955473778163,0.212712123198435,0.0421075291261052
"Lophius budegassa_Juv",2003,1,"All_areas",0.0259864434673211,0.335114603345734,0.00870843669491767
"Lophius budegassa_Juv",2004,1,"All_areas",0.0288089998763724,0.233327408643704,0.00672192928677076
"Lophius budegassa_Juv",2005,1,"All_areas",0.179377858542998,0.189388235137813,0.0339720560522587
"Lophius budegassa_Juv",2006,1,"All_areas",0.296412561255378,0.207287950229132,0.0614427522447941
"Lophius budegassa_Juv",2007,1,"All_areas",0.348426046709051,0.168470801358022,0.0586996153030813
"Lophius budegassa_Juv",2008,1,"All_areas",0.412967813833892,0.139845603702527,0.0577517332353133
"Lophius budegassa_Juv",2009,1,"All_areas",0.474188247087824,0.214129616209941,0.10153774736018
"Lophius budegassa_Juv",2010,1,"All_areas",0.221415417054211,0.219623892328274,0.048628115714934
"Lophius budegassa_Juv",2011,1,"All_areas",0.154631959610922,0.248744267555258,0.038463813534053
"Lophius budegassa_Juv",2012,1,"All_areas",0.253281379339295,0.214497309187344,0.0543281743355375
"Lophius budegassa_Juv",2013,1,"All_areas",0.661058997556316,0.159417716305009,0.105384515733306
"Lophius budegassa_Juv",2014,1,"All_areas",0.488276798353342,0.202410982875637,0.0988325866700689
"Lophius budegassa_Juv",2015,1,"All_areas",1.51107706702888,0.137299543707837,0.207470191810442
"Lophius piscatorius_Adu",1990,1,"All_areas",8.47487497820945,0.212942899548418,1.80466445117025
"Lophius piscatorius_Adu",1991,1,"All_areas",6.31127331904086,0.296980920402906,1.87432775920306
"Lophius piscatorius_Adu",1992,1,"All_areas",0.421925529224195,0.435710911222533,0.183837556806323
"Lophius piscatorius_Adu",1993,1,"All_areas",7.48021388874649,0.265776184058158,1.98806270328988
"Lophius piscatorius_Adu",1994,1,"All_areas",7.61732595067303,0.233246534836406,1.77671488271391
"Lophius piscatorius_Adu",1995,1,"All_areas",10.4674769965396,0.209863064098847,2.196736795878
"Lophius piscatorius_Adu",1996,1,"All_areas",10.0562392110331,0.26969948686193,2.71216255497643
"Lophius piscatorius_Adu",1997,1,"All_areas",11.2421706496946,0.380455124219367,4.27714143102488
"Lophius piscatorius_Adu",1998,1,"All_areas",13.0048591938768,0.483804257965711,6.2918062522421
"Lophius piscatorius_Adu",1999,1,"All_areas",4.0278719065191,0.462995087818763,1.86488490708154
"Lophius piscatorius_Adu",2000,1,"All_areas",13.0126927564573,0.299214504992556,3.8935864217436
"Lophius piscatorius_Adu",2001,1,"All_areas",13.2189325671776,0.358654012323671,4.74102320385427
"Lophius piscatorius_Adu",2002,1,"All_areas",37.6212822711234,0.336687874033354,12.6666295462733
"Lophius piscatorius_Adu",2003,1,"All_areas",19.1669824381795,0.200084163310588,3.83500964433188
"Lophius piscatorius_Adu",2004,1,"All_areas",22.0510048419925,0.330680753604892,7.2918428988952
"Lophius piscatorius_Adu",2005,1,"All_areas",15.5327293210201,0.183054102002322,2.84332981750447
"Lophius piscatorius_Adu",2006,1,"All_areas",5.62308008902029,0.124227328528298,0.698540217559652
"Lophius piscatorius_Adu",2007,1,"All_areas",5.54892549436521,0.101902269505242,0.565448101191312
"Lophius piscatorius_Adu",2008,1,"All_areas",7.60053383378522,0.132383984264032,1.00618895145006
"Lophius piscatorius_Adu",2009,1,"All_areas",10.1652168425699,0.120139954460627,1.22124868854875
"Lophius piscatorius_Adu",2010,1,"All_areas",9.13720663976919,0.0953609616162999,0.871332811655231
"Lophius piscatorius_Adu",2011,1,"All_areas",7.96608526677302,0.0910091889020706,0.724986958853748
"Lophius piscatorius_Adu",2012,1,"All_areas",7.61227592228555,0.110955708306214,0.844625466779533
"Lophius piscatorius_Adu",2013,1,"All_areas",6.85918704201204,0.116364268130239,0.798164280112152
"Lophius piscatorius_Adu",2014,1,"All_areas",2.12582266862113,0.139188965147559,0.295891057332597
"Lophius piscatorius_Adu",2015,1,"All_areas",3.04627410597131,0.124915361833919,0.380526432192705
"Lophius piscatorius_Juv",1990,1,"All_areas",0.0102024705552082,0.558240751129731,0.0056954348261184
"Lophius piscatorius_Juv",1991,1,"All_areas",0.0176608452821774,0.270716645383568,0.00478108478942929
"Lophius piscatorius_Juv",1992,1,"All_areas",0.0500470316223372,0.216477823906533,0.010834072498585
"Lophius piscatorius_Juv",1993,1,"All_areas",0.165046260593265,0.130655774214181,0.0215642469589686
"Lophius piscatorius_Juv",1994,1,"All_areas",0.16488555105318,0.131373074848519,0.0216615218399487
"Lophius piscatorius_Juv",1995,1,"All_areas",0.116410891775852,0.185200925332907,0.0215594048757167
"Lophius piscatorius_Juv",1996,1,"All_areas",0.0640146110609989,0.255608054215165,0.0163626501746425
"Lophius piscatorius_Juv",1997,1,"All_areas",0.0450646000046856,0.232125852332404,0.0104606586861065
"Lophius piscatorius_Juv",1998,1,"All_areas",0.0218245077438271,0.304723708530527,0.0066504449365522
"Lophius piscatorius_Juv",1999,1,"All_areas",0.0655492670252459,0.215443740962606,0.0141221793052758
"Lophius piscatorius_Juv",2000,1,"All_areas",0.0397718691902555,0.40646606327459,0.0161659150988351
"Lophius piscatorius_Juv",2001,1,"All_areas",0.0387341332525777,0.175930753781246,0.00681452526018923
"Lophius piscatorius_Juv",2002,1,"All_areas",0.105393213466603,0.150158931380175,0.0158257323088679
"Lophius piscatorius_Juv",2003,1,"All_areas",0.107359133042866,0.146174551475515,0.015693173119341
"Lophius piscatorius_Juv",2004,1,"All_areas",0.13017298452395,0.139952640742125,0.0182180529374106
"Lophius piscatorius_Juv",2005,1,"All_areas",0.224230501193364,0.122145896923892,0.0273888356859574
"Lophius piscatorius_Juv",2006,1,"All_areas",0.115716043207441,0.148978177642996,0.0172391652411027
"Lophius piscatorius_Juv",2007,1,"All_areas",0.0858350880511913,0.141526335686839,0.0121479254852423
"Lophius piscatorius_Juv",2008,1,"All_areas",0.0660170672855274,0.12770796783969,0.00843090550577079
"Lophius piscatorius_Juv",2009,1,"All_areas",0.224252962376109,0.0989274139819864,0.0221847656456682
"Lophius piscatorius_Juv",2010,1,"All_areas",0.284591452495559,0.0777876139900464,0.0221376900515912
"Lophius piscatorius_Juv",2011,1,"All_areas",0.240050322120461,0.0861336008314024,0.0206763986249733
"Lophius piscatorius_Juv",2012,1,"All_areas",0.0993663554387258,0.125876044359336,0.0125078437650306
"Lophius piscatorius_Juv",2013,1,"All_areas",0.118336185892962,0.127310575924967,0.015065447978797
"Lophius piscatorius_Juv",2014,1,"All_areas",0.10282553073494,0.106165615962034,0.010916535807098
"Lophius piscatorius_Juv",2015,1,"All_areas",0.212139137410746,0.0962518956432861,0.0204187941159158
"Melanogrammus aeglefinus_Adu",1990,1,"All_areas",17.2395475494317,0.698877845525203,12.0483378491761
"Melanogrammus aeglefinus_Adu",1991,1,"All_areas",12.5907425486664,0.478632502597456,6.0263386156285
"Melanogrammus aeglefinus_Adu",1992,1,"All_areas",15.9151762820334,0.61182917871303,9.73736923370958
"Melanogrammus aeglefinus_Adu",1993,1,"All_areas",9.40161679370611,0.556951990609088,5.23624918819845
"Melanogrammus aeglefinus_Adu",1994,1,"All_areas",31.5793970838339,0.451150890302984,14.2470731096031
"Melanogrammus aeglefinus_Adu",1995,1,"All_areas",31.369745323716,0.496730267516921,15.5823019865871
"Melanogrammus aeglefinus_Adu",1996,1,"All_areas",115.269999312906,0.312225502353817,35.9902334417964
"Melanogrammus aeglefinus_Adu",1997,1,"All_areas",436.200184421677,0.233630482064551,101.909659363083
"Melanogrammus aeglefinus_Adu",1998,1,"All_areas",800.107928201224,0.348890358740846,279.14994210152
"Melanogrammus aeglefinus_Adu",1999,1,"All_areas",447.766428736322,0.321880915585251,144.127468049986
"Melanogrammus aeglefinus_Adu",2000,1,"All_areas",499.907015583433,0.336427818576249,168.182626743697
"Melanogrammus aeglefinus_Adu",2001,1,"All_areas",1102.62310821288,0.265807879417774,293.0859101911
"Melanogrammus aeglefinus_Adu",2002,1,"All_areas",1500.27303954696,0.227908662302863,341.925221532198
"Melanogrammus aeglefinus_Adu",2003,1,"All_areas",6265.02625909485,0.139053752733194,871.175412299143
"Melanogrammus aeglefinus_Adu",2004,1,"All_areas",5091.03913536247,0.147066553360577,748.721578661568
"Melanogrammus aeglefinus_Adu",2005,1,"All_areas",5441.86840888841,0.167266222930823,910.240774441334
"Melanogrammus aeglefinus_Adu",2006,1,"All_areas",3674.75337097872,0.173166601593194,636.344552945519
"Melanogrammus aeglefinus_Adu",2007,1,"All_areas",4936.67502243993,0.146022886294297,720.867535473641
"Melanogrammus aeglefinus_Adu",2008,1,"All_areas",7074.77136151629,0.139226270730024,984.994032931489
"Melanogrammus aeglefinus_Adu",2009,1,"All_areas",5529.83848435338,0.155367886160587,859.159316123448
"Melanogrammus aeglefinus_Adu",2010,1,"All_areas",14845.317745492,0.124154689372768,1843.1158133316
"Melanogrammus aeglefinus_Adu",2011,1,"All_areas",26644.773947812,0.122089791215965,3253.05488828495
"Melanogrammus aeglefinus_Adu",2012,1,"All_areas",10687.9077951415,0.144353245263651,1542.83417530735
"Melanogrammus aeglefinus_Adu",2013,1,"All_areas",5075.03940613497,0.148260785218929,752.429327370578
"Melanogrammus aeglefinus_Adu",2014,1,"All_areas",11228.0956202575,0.140096418926052,1573.01598775737
"Melanogrammus aeglefinus_Adu",2015,1,"All_areas",9077.61418936235,0.138000179024364,1252.71238324611
"Melanogrammus aeglefinus_Juv",1990,1,"All_areas",16.4584751751989,0.835385887239839,13.7491778868484
"Melanogrammus aeglefinus_Juv",1991,1,"All_areas",183.726850774529,0.352303139809379,64.7275463951559
"Melanogrammus aeglefinus_Juv",1992,1,"All_areas",213.018139117611,0.451156397791075,96.1044963084591
"Melanogrammus aeglefinus_Juv",1993,1,"All_areas",903.765469736729,0.277402761958029,250.707037467264
"Melanogrammus aeglefinus_Juv",1994,1,"All_areas",1099.35728635588,0.265857959542254,292.272884958485
"Melanogrammus aeglefinus_Juv",1995,1,"All_areas",1400.44317112886,0.290817574758003,407.273486614101
"Melanogrammus aeglefinus_Juv",1996,1,"All_areas",3965.53598022767,0.237300928770765,941.025371181915
"Melanogrammus aeglefinus_Juv",1997,1,"All_areas",1478.9996616866,0.301051650224986,445.255288832948
"Melanogrammus aeglefinus_Juv",1998,1,"All_areas",860.771588388162,0.348567395071455,300.036910315981
"Melanogrammus aeglefinus_Juv",1999,1,"All_areas",13729.0668788076,0.278263410479728,3820.29697240128
"Melanogrammus aeglefinus_Juv",2000,1,"All_areas",2293.63388212362,0.297066954529213,681.362832167478
"Melanogrammus aeglefinus_Juv",2001,1,"All_areas",13804.5051895465,0.23871961900559,3295.40621940925
"Melanogrammus aeglefinus_Juv",2002,1,"All_areas",21708.9465917277,0.208592659152632,4528.32689697093
"Melanogrammus aeglefinus_Juv",2003,1,"All_areas",24121.3584363118,0.147285934407336,3552.73681646645
"Melanogrammus aeglefinus_Juv",2004,1,"All_areas",10126.1211412971,0.170066350980339,1722.11247208526
"Melanogrammus aeglefinus_Juv",2005,1,"All_areas",14213.1843018248,0.170806721894476,2427.70741827672
"Melanogrammus aeglefinus_Juv",2006,1,"All_areas",5074.5171235217,0.183385712098781,930.593936254484
"Melanogrammus aeglefinus_Juv",2007,1,"All_areas",14081.8630256178,0.147995294358957,2084.04946359882
"Melanogrammus aeglefinus_Juv",2008,1,"All_areas",14419.5782146912,0.156275829027587,2253.43153972901
"Melanogrammus aeglefinus_Juv",2009,1,"All_areas",33815.6617487475,0.127004854936069,4294.75321496685
"Melanogrammus aeglefinus_Juv",2010,1,"All_areas",61971.1001475464,0.119231281003101,7388.89365576345
"Melanogrammus aeglefinus_Juv",2011,1,"All_areas",10733.6093643197,0.126744745586102,1360.42858810129
"Melanogrammus aeglefinus_Juv",2012,1,"All_areas",1267.56901982403,0.191151573900684,242.297813167111
"Melanogrammus aeglefinus_Juv",2013,1,"All_areas",12774.9643228856,0.133943199692982,1711.11959737099
"Melanogrammus aeglefinus_Juv",2014,1,"All_areas",11788.3927375956,0.137754798364953,1623.90766461436
"Melanogrammus aeglefinus_Juv",2015,1,"All_areas",11958.7549296566,0.162981473642087,1949.05550136001
"Merlangius merlangus_Adu",1990,1,"All_areas",2039.70165126268,0.316604153725303,645.778015150125
"Merlangius merlangus_Adu",1991,1,"All_areas",1583.44519202032,0.178253681627641,282.25493513321
"Merlangius merlangus_Adu",1992,1,"All_areas",1643.44052477072,0.224184120068428,368.43326793052
"Merlangius merlangus_Adu",1993,1,"All_areas",1800.95438103158,0.199085293217357,358.543531018757
"Merlangius merlangus_Adu",1994,1,"All_areas",2649.06861095406,0.201080615779017,532.676347531508
"Merlangius merlangus_Adu",1995,1,"All_areas",5509.02724440095,0.247762255207398,1364.92901407178
"Merlangius merlangus_Adu",1996,1,"All_areas",4696.88022995245,0.267099059149685,1254.53229035906
"Merlangius merlangus_Adu",1997,1,"All_areas",6680.05112945085,0.165234686462713,1103.77615392971
"Merlangius merlangus_Adu",1998,1,"All_areas",3799.44289111093,0.19427990514931,738.155404505251
"Merlangius merlangus_Adu",1999,1,"All_areas",5943.83936463986,0.195370411190033,1161.25034071719
"Merlangius merlangus_Adu",2000,1,"All_areas",6678.93517745074,0.223123550191411,1490.22772829111
"Merlangius merlangus_Adu",2001,1,"All_areas",7103.51419817784,0.190812221486791,1355.43732451728
"Merlangius merlangus_Adu",2002,1,"All_areas",4692.68341315074,0.227836662946372,1069.16532911605
"Merlangius merlangus_Adu",2003,1,"All_areas",9248.62596663851,0.11625150505058,1075.16668827161
"Merlangius merlangus_Adu",2004,1,"All_areas",15835.1611753475,0.147889576076241,2341.8552733211
"Merlangius merlangus_Adu",2005,1,"All_areas",7994.54283553307,0.153307588594571,1225.62408403158
"Merlangius merlangus_Adu",2006,1,"All_areas",5383.47731800856,0.167472218660976,901.582890557934
"Merlangius merlangus_Adu",2007,1,"All_areas",5302.12368028789,0.136027537278125,721.234826573592
"Merlangius merlangus_Adu",2008,1,"All_areas",7821.51405880008,0.137872466615932,1078.37143595796
"Merlangius merlangus_Adu",2009,1,"All_areas",10452.4983189215,0.135314225994568,1414.3717197344
"Merlangius merlangus_Adu",2010,1,"All_areas",14688.6837100678,0.124008362899457,1821.51962003343
"Merlangius merlangus_Adu",2011,1,"All_areas",22237.3688373882,0.125379903390304,2788.11915648629
"Merlangius merlangus_Adu",2012,1,"All_areas",17446.500473367,0.148996922417112,2599.47487748037
"Merlangius merlangus_Adu",2013,1,"All_areas",10789.6807609036,0.157532853189738,1699.72919527158
"Merlangius merlangus_Adu",2014,1,"All_areas",15255.7705165917,0.134005390371084,2044.35548348755
"Merlangius merlangus_Adu",2015,1,"All_areas",9593.48099832244,0.138009698304347,1323.99341826697
"Merlangius merlangus_Juv",1990,1,"All_areas",2030.43070860592,0.348095503534521,706.783799904131
"Merlangius merlangus_Juv",1991,1,"All_areas",2188.43345801663,0.223250607009477,488.569097902061
"Merlangius merlangus_Juv",1992,1,"All_areas",3032.30107967687,0.223878775078243,678.867851386494
"Merlangius merlangus_Juv",1993,1,"All_areas",7529.14771676159,0.147619755205516,1111.45094285452
"Merlangius merlangus_Juv",1994,1,"All_areas",8389.28562733504,0.151370636459017,1269.89150484619
"Merlangius merlangus_Juv",1995,1,"All_areas",4365.84945013409,0.218946843000582,955.888954122688
"Merlangius merlangus_Juv",1996,1,"All_areas",3125.41847742938,0.179489740155926,560.980550392328
"Merlangius merlangus_Juv",1997,1,"All_areas",5405.97944541321,0.162021012331617,875.882262389763
"Merlangius merlangus_Juv",1998,1,"All_areas",4781.90124263119,0.178352240432526,852.862800150352
"Merlangius merlangus_Juv",1999,1,"All_areas",8897.65443335424,0.159598775118837,1420.05474899402
"Merlangius merlangus_Juv",2000,1,"All_areas",4027.06712401933,0.200697625472834,808.222809410397
"Merlangius merlangus_Juv",2001,1,"All_areas",3580.30208571887,0.196406106331972,703.193192148282
"Merlangius merlangus_Juv",2002,1,"All_areas",3863.65628675537,0.190561498032054,736.264129885067
"Merlangius merlangus_Juv",2003,1,"All_areas",6055.39821783791,0.156889074265217,950.025820703832
"Merlangius merlangus_Juv",2004,1,"All_areas",11277.9580728523,0.132617374289213,1495.65318696551
"Merlangius merlangus_Juv",2005,1,"All_areas",9345.30963231608,0.157235217314751,1469.41179091086
"Merlangius merlangus_Juv",2006,1,"All_areas",7092.92758981862,0.154876342334926,1098.52668155759
"Merlangius merlangus_Juv",2007,1,"All_areas",11466.9996361084,0.136387908048035,1563.96009195641
"Merlangius merlangus_Juv",2008,1,"All_areas",14977.8632630151,0.134927339667736,2020.92324398574
"Merlangius merlangus_Juv",2009,1,"All_areas",11961.1846246074,0.140851732115734,1684.75357253205
"Merlangius merlangus_Juv",2010,1,"All_areas",7813.50119704362,0.131869023410927,1030.35877227425
"Merlangius merlangus_Juv",2011,1,"All_areas",10074.9299989096,0.139776085936753,1408.23428133436
"Merlangius merlangus_Juv",2012,1,"All_areas",3234.02011989104,0.157971955800573,510.884483437591
"Merlangius merlangus_Juv",2013,1,"All_areas",10611.2014926928,0.138204086393041,1466.51140783009
"Merlangius merlangus_Juv",2014,1,"All_areas",10639.0995586843,0.114669216975795,1219.97721572186
"Merlangius merlangus_Juv",2015,1,"All_areas",7601.50892237154,0.134069693969722,1019.13197493046
"Merluccius merluccius_Adu",1990,1,"All_areas",1336.24742398173,0.228488004588995,305.316507542771
"Merluccius merluccius_Adu",1991,1,"All_areas",1533.01420274874,0.173667805251895,266.235212011356
"Merluccius merluccius_Adu",1992,1,"All_areas",755.567907163317,0.229480840297702,173.388358237814
"Merluccius merluccius_Adu",1993,1,"All_areas",3088.17388227256,0.157301626592501,485.774774881952
"Merluccius merluccius_Adu",1994,1,"All_areas",2374.71684495255,0.160579170757679,381.330061746774
"Merluccius merluccius_Adu",1995,1,"All_areas",2328.33016230056,0.201143385594047,468.328211625873
"Merluccius merluccius_Adu",1996,1,"All_areas",1593.21381116838,0.192233727134014,306.269429042286
"Merluccius merluccius_Adu",1997,1,"All_areas",1277.05751093372,0.148195364411009,189.254003206638
"Merluccius merluccius_Adu",1998,1,"All_areas",945.927150917909,0.16823575464964,159.138768078258
"Merluccius merluccius_Adu",1999,1,"All_areas",1798.83277527437,0.147449399368109,265.236812277874
"Merluccius merluccius_Adu",2000,1,"All_areas",832.697006455619,0.214086221971378,178.268956158959
"Merluccius merluccius_Adu",2001,1,"All_areas",1139.7387377173,0.204038674996511,232.550781886034
"Merluccius merluccius_Adu",2002,1,"All_areas",1727.35011770476,0.141426779641048,244.29356445957
"Merluccius merluccius_Adu",2003,1,"All_areas",1812.98699593511,0.154372160679347,279.874719846061
"Merluccius merluccius_Adu",2004,1,"All_areas",1842.0086271867,0.152748872383482,281.364740723414
"Merluccius merluccius_Adu",2005,1,"All_areas",3568.61753335852,0.117742893252386,420.179353288826
"Merluccius merluccius_Adu",2006,1,"All_areas",2795.04090079499,0.142360054054275,397.902173721083
"Merluccius merluccius_Adu",2007,1,"All_areas",3774.47563302459,0.113868393864207,429.793478012096
"Merluccius merluccius_Adu",2008,1,"All_areas",5532.10517231971,0.101081459168431,559.193263091298
"Merluccius merluccius_Adu",2009,1,"All_areas",7433.55852972337,0.122616214299879,911.474805691251
"Merluccius merluccius_Adu",2010,1,"All_areas",4359.39596519342,0.137061915320171,597.507160628433
"Merluccius merluccius_Adu",2011,1,"All_areas",4895.67487751107,0.113383871182905,555.090569665098
"Merluccius merluccius_Adu",2012,1,"All_areas",5315.96481750741,0.133801853090508,711.285943546435
"Merluccius merluccius_Adu",2013,1,"All_areas",7066.88590948733,0.119283047499638,842.959687615902
"Merluccius merluccius_Adu",2014,1,"All_areas",4996.41121735733,0.119357628006844,596.359791450562
"Merluccius merluccius_Adu",2015,1,"All_areas",8264.63391665976,0.12301646582201,1016.6860557402
"Merluccius merluccius_Juv",1990,1,"All_areas",13.5012461864618,0.234994726591017,3.1727216562256
"Merluccius merluccius_Juv",1991,1,"All_areas",31.141216533797,0.158461299389758,4.9346776365233
"Merluccius merluccius_Juv",1992,1,"All_areas",8.77084086479858,0.257432319686096,2.25789790942271
"Merluccius merluccius_Juv",1993,1,"All_areas",72.0706744007312,0.17235864219044,12.4220035814593
"Merluccius merluccius_Juv",1994,1,"All_areas",46.6344044038057,0.209936961832726,9.79028517741365
"Merluccius merluccius_Juv",1995,1,"All_areas",36.570616671485,0.197471184379413,7.22164298760365
"Merluccius merluccius_Juv",1996,1,"All_areas",17.9423639126424,0.207806894052287,3.72854691664207
"Merluccius merluccius_Juv",1997,1,"All_areas",39.2750442515655,0.159812513607134,6.2766435438741
"Merluccius merluccius_Juv",1998,1,"All_areas",94.3195245897207,0.151675356813343,14.3059475466107
"Merluccius merluccius_Juv",1999,1,"All_areas",68.797647526531,0.14902401587873,10.252501717413
"Merluccius merluccius_Juv",2000,1,"All_areas",20.5756014668013,0.206429023415442,4.24740131697713
"Merluccius merluccius_Juv",2001,1,"All_areas",58.2437518682817,0.145387590727011,8.46791875903136
"Merluccius merluccius_Juv",2002,1,"All_areas",124.375688870392,0.135393383316174,16.8396453184421
"Merluccius merluccius_Juv",2003,1,"All_areas",319.720188184724,0.112159104214238,35.8595299060064
"Merluccius merluccius_Juv",2004,1,"All_areas",1157.05697181498,0.101483597560394,117.42230408212
"Merluccius merluccius_Juv",2005,1,"All_areas",891.476873742377,0.118328229169534,105.486879815527
"Merluccius merluccius_Juv",2006,1,"All_areas",390.062710137679,0.127242447249143,49.6325338185514
"Merluccius merluccius_Juv",2007,1,"All_areas",899.793720476084,0.10962922384894,98.643687199943
"Merluccius merluccius_Juv",2008,1,"All_areas",1961.11618834138,0.100937308291593,197.949789298248
"Merluccius merluccius_Juv",2009,1,"All_areas",481.092711771119,0.127346591268222,61.2655169280375
"Merluccius merluccius_Juv",2010,1,"All_areas",1105.74624179483,0.113580570818569,125.591289323544
"Merluccius merluccius_Juv",2011,1,"All_areas",730.971855221188,0.112726902695005,82.4001931963064
"Merluccius merluccius_Juv",2012,1,"All_areas",2589.32143860326,0.126781810414167,328.278859730336
"Merluccius merluccius_Juv",2013,1,"All_areas",1179.57145192779,0.110188114344544,129.974754022579
"Merluccius merluccius_Juv",2014,1,"All_areas",450.495163380346,0.116060906569445,52.2848770670732
"Merluccius merluccius_Juv",2015,1,"All_areas",452.17080063278,0.130116492573273,58.8348786223859
"Pleuronectes platessa_Adu",1990,1,"All_areas",710.467226690148,0.139466729392063,99.086540446724
"Pleuronectes platessa_Adu",1991,1,"All_areas",394.556508686493,0.151862800310562,59.9184562898895
"Pleuronectes platessa_Adu",1992,1,"All_areas",486.663273462589,0.142674576332777,69.4344763579972
"Pleuronectes platessa_Adu",1993,1,"All_areas",401.343811453664,0.132335679584893,53.1121060359119
"Pleuronectes platessa_Adu",1994,1,"All_areas",339.425931940893,0.1377313818211,46.7496026321339
"Pleuronectes platessa_Adu",1995,1,"All_areas",288.769025030198,0.147875320778097,42.7018122071189
"Pleuronectes platessa_Adu",1996,1,"All_areas",356.877740112814,0.143350888581077,51.1587411599787
"Pleuronectes platessa_Adu",1997,1,"All_areas",621.037626860403,0.136903099556563,85.0219760584414
"Pleuronectes platessa_Adu",1998,1,"All_areas",508.795408063691,0.134033142933537,68.1954476529282
"Pleuronectes platessa_Adu",1999,1,"All_areas",499.303446468991,0.140259265514578,70.0319346706381
"Pleuronectes platessa_Adu",2000,1,"All_areas",475.273421789907,0.149297491109681,70.9571294643463
"Pleuronectes platessa_Adu",2001,1,"All_areas",588.107065833034,0.147909170980543,86.9864285551638
"Pleuronectes platessa_Adu",2002,1,"All_areas",391.124646904361,0.146540777903709,57.3157100146785
"Pleuronectes platessa_Adu",2003,1,"All_areas",661.169232279297,0.106848670198938,70.6450532454959
"Pleuronectes platessa_Adu",2004,1,"All_areas",754.329877437471,0.132870795007484,100.228410513015
"Pleuronectes platessa_Adu",2005,1,"All_areas",578.181745432876,0.145512039472135,84.1324049634966
"Pleuronectes platessa_Adu",2006,1,"All_areas",2610.11524402843,0.113207006517236,295.483333441463
"Pleuronectes platessa_Adu",2007,1,"All_areas",2662.08037662261,0.111313934331891,296.326640229586
"Pleuronectes platessa_Adu",2008,1,"All_areas",2467.77907968315,0.105926331851598,261.402785730949
"Pleuronectes platessa_Adu",2009,1,"All_areas",3428.3338678642,0.106520833363046,365.18898065165
"Pleuronectes platessa_Adu",2010,1,"All_areas",4524.62996113581,0.0923675401632303,417.928939658967
"Pleuronectes platessa_Adu",2011,1,"All_areas",6170.01583444769,0.0846646267797349,522.382087848568
"Pleuronectes platessa_Adu",2012,1,"All_areas",4591.17427734747,0.0970565079456308,445.603342729151
"Pleuronectes platessa_Adu",2013,1,"All_areas",5581.11066527918,0.0879414168586688,490.810779549679
"Pleuronectes platessa_Adu",2014,1,"All_areas",17564.621139667,0.139455965222547,2449.49119480061
"Pleuronectes platessa_Adu",2015,1,"All_areas",9225.61174980151,0.116734979963615,1076.95160276517
"Pleuronectes platessa_Juv",1990,1,"All_areas",1779.54396575085,0.321512083691248,572.144888448744
"Pleuronectes platessa_Juv",1991,1,"All_areas",2277.7820147336,0.2392695204779,545.003810418494
"Pleuronectes platessa_Juv",1992,1,"All_areas",2676.95101698886,0.238636856120309,638.819174682285
"Pleuronectes platessa_Juv",1993,1,"All_areas",1247.63955382225,0.181598833225258,226.569887259801
"Pleuronectes platessa_Juv",1994,1,"All_areas",1094.70196754971,0.186436185983453,204.092059618549
"Pleuronectes platessa_Juv",1995,1,"All_areas",1501.11202151145,0.207405645096475,311.339107183657
"Pleuronectes platessa_Juv",1996,1,"All_areas",2024.44066000868,0.166065113693345,336.188968369773
"Pleuronectes platessa_Juv",1997,1,"All_areas",2614.00376013689,0.157033435733716,410.48599147515
"Pleuronectes platessa_Juv",1998,1,"All_areas",2323.25378736306,0.166040143468536,385.753392167584
"Pleuronectes platessa_Juv",1999,1,"All_areas",1498.46739641776,0.21405752873264,320.758227763618
"Pleuronectes platessa_Juv",2000,1,"All_areas",1925.30433507002,0.238584312379581,459.347410904107
"Pleuronectes platessa_Juv",2001,1,"All_areas",1995.46531695328,0.230198896849395,459.353914663873
"Pleuronectes platessa_Juv",2002,1,"All_areas",1959.31523381855,0.207998654288558,407.534931961329
"Pleuronectes platessa_Juv",2003,1,"All_areas",1009.24484747214,0.19645721504391,198.273432031793
"Pleuronectes platessa_Juv",2004,1,"All_areas",1110.7960734437,0.24857555226025,276.116747404784
"Pleuronectes platessa_Juv",2005,1,"All_areas",1468.02657206904,0.24033711488988,352.821270912753
"Pleuronectes platessa_Juv",2006,1,"All_areas",1633.25028064533,0.175014569721709,285.842595115004
"Pleuronectes platessa_Juv",2007,1,"All_areas",1652.75881228246,0.172760853589321,285.532023187191
"Pleuronectes platessa_Juv",2008,1,"All_areas",2039.76639926564,0.152600271214327,311.268905741808
"Pleuronectes platessa_Juv",2009,1,"All_areas",2255.08611005884,0.163429036719095,368.546550685529
"Pleuronectes platessa_Juv",2010,1,"All_areas",3845.10536047383,0.127488893183831,490.208226582023
"Pleuronectes platessa_Juv",2011,1,"All_areas",5001.75253218728,0.123474402813104,617.588406930755
"Pleuronectes platessa_Juv",2012,1,"All_areas",3717.79105602311,0.151236725039026,562.266543692318
"Pleuronectes platessa_Juv",2013,1,"All_areas",4524.78348309992,0.141436301938606,639.968642922538
"Pleuronectes platessa_Juv",2014,1,"All_areas",6456.91604529178,0.150162706413273,969.5879884443
"Pleuronectes platessa_Juv",2015,1,"All_areas",5474.39029887885,0.132020449780455,722.731469531748
"Solea solea_Adu",1990,1,"All_areas",3220.54497283603,0.141100286014075,454.419816788355
"Solea solea_Adu",1991,1,"All_areas",3140.54642315456,0.136226431621551,427.825432568173
"Solea solea_Adu",1992,1,"All_areas",4893.91599244565,0.113387293427885,554.907888646851
"Solea solea_Adu",1993,1,"All_areas",2495.57242817387,0.123660579888128,308.603933620804
"Solea solea_Adu",1994,1,"All_areas",2764.20410601249,0.120270677534393,332.452700673474
"Solea solea_Adu",1995,1,"All_areas",2318.05505467137,0.133890183105266,310.364815718037
"Solea solea_Adu",1996,1,"All_areas",2143.71379024689,0.127440761067668,273.196516940319
"Solea solea_Adu",1997,1,"All_areas",2799.35817286455,0.13023715631952,364.580447953687
"Solea solea_Adu",1998,1,"All_areas",2744.45061844757,0.121918622040432,334.599637659138
"Solea solea_Adu",1999,1,"All_areas",2689.60834538806,0.129433669253005,348.12587699708
"Solea solea_Adu",2000,1,"All_areas",3844.89743173798,0.132318867114659,508.752472339633
"Solea solea_Adu",2001,1,"All_areas",5211.93900858292,0.116210681977449,605.682986612291
"Solea solea_Adu",2002,1,"All_areas",2755.60680183037,0.119733536429349,329.938547391919
"Solea solea_Adu",2003,1,"All_areas",4023.43276967978,0.0960887380656709,386.606577530597
"Solea solea_Adu",2004,1,"All_areas",4464.16596507925,0.119897540932112,535.242521525831
"Solea solea_Adu",2005,1,"All_areas",2759.17186292774,0.120257042721635,331.809848596435
"Solea solea_Adu",2006,1,"All_areas",5511.67498962198,0.102165552254247,563.10331916065
"Solea solea_Adu",2007,1,"All_areas",4227.89285864606,0.0983022197615223,415.611252918796
"Solea solea_Adu",2008,1,"All_areas",5104.18376033813,0.0857635292709296,437.752813333963
"Solea solea_Adu",2009,1,"All_areas",5556.43284246219,0.0911310267330783,506.363429906976
"Solea solea_Adu",2010,1,"All_areas",6302.48923509172,0.0846449971556054,533.474183377573
"Solea solea_Adu",2011,1,"All_areas",5656.89457318826,0.0918072485072133,519.3439258598
"Solea solea_Adu",2012,1,"All_areas",5442.69904871114,0.089578550651984,487.549092418476
"Solea solea_Adu",2013,1,"All_areas",6423.01115671513,0.0917884268242628,589.558089549571
"Solea solea_Adu",2014,1,"All_areas",8627.04061496175,0.10910268533314,941.233297570389
"Solea solea_Adu",2015,1,"All_areas",6467.07319800583,0.106792268261018,690.63341582508
"Solea solea_Juv",1990,1,"All_areas",1876.04467953154,0.280582500854972,526.385307898624
"Solea solea_Juv",1991,1,"All_areas",1911.87156786306,0.20879546446319,399.190112005935
"Solea solea_Juv",1992,1,"All_areas",1730.63287921103,0.215182384201729,372.401709126533
"Solea solea_Juv",1993,1,"All_areas",1209.1485554621,0.186555524875284,225.573343416423
"Solea solea_Juv",1994,1,"All_areas",1870.14634796272,0.187615187923944,350.867858518303
"Solea solea_Juv",1995,1,"All_areas",856.694734460564,0.226204788779199,193.788451456903
"Solea solea_Juv",1996,1,"All_areas",845.936770492686,0.1876360328921,158.728219692803
"Solea solea_Juv",1997,1,"All_areas",1460.52082262553,0.171864263031418,251.011334822576
"Solea solea_Juv",1998,1,"All_areas",2069.64024689273,0.161037502487635,333.289696407497
"Solea solea_Juv",1999,1,"All_areas",5677.53332756432,0.19152771206909,1087.4049684244
"Solea solea_Juv",2000,1,"All_areas",5200.65573369052,0.206300512933263,1072.89794544967
"Solea solea_Juv",2001,1,"All_areas",2246.93386706816,0.219294324645752,492.73984490238
"Solea solea_Juv",2002,1,"All_areas",2321.07961404937,0.226798663426924,526.417754173878
"Solea solea_Juv",2003,1,"All_areas",2790.95977214606,0.226943498688722,633.390175390306
"Solea solea_Juv",2004,1,"All_areas",2998.49370087394,0.215596703213788,646.465356515732
"Solea solea_Juv",2005,1,"All_areas",1824.12863460185,0.224628443447054,409.751175837814
"Solea solea_Juv",2006,1,"All_areas",1537.49029983743,0.208851643495813,321.107375979917
"Solea solea_Juv",2007,1,"All_areas",2231.71047345589,0.214627450644288,478.986329493996
"Solea solea_Juv",2008,1,"All_areas",4004.69696228752,0.190609464385522,763.33314300795
"Solea solea_Juv",2009,1,"All_areas",2598.1844593056,0.198223055203475,515.020061505746
"Solea solea_Juv",2010,1,"All_areas",1846.88895295377,0.215563214950118,398.12132035457
"Solea solea_Juv",2011,1,"All_areas",2217.09441860941,0.199407844690703,442.106019490691
"Solea solea_Juv",2012,1,"All_areas",2317.5793679388,0.19943536169193,462.20727949463
"Solea solea_Juv",2013,1,"All_areas",2030.20609636669,0.210790536230216,427.948231710987
"Solea solea_Juv",2014,1,"All_areas",1923.62717961926,0.231181259788452,444.706554747685
"Solea solea_Juv",2015,1,"All_areas",2518.80545154143,0.196830487513727,495.777704979135
